-- ====================================
-- HEALTHCARE DATABASE SAMPLE DATA
-- ====================================

-- 0.CREATE DATABASE 
CREATE DATABASE HEALTHCARE

---------------------------------------

-- 1. DEPARTMENTS TABLE
CREATE TABLE departments (
    department_id INT PRIMARY KEY,
    department_name VARCHAR(100),
    floor_number INT,
    head_doctor_id INT,
    annual_budget DECIMAL(12,2)
);

INSERT INTO departments VALUES
(1, 'Cardiology', 3, 5, 2500000.00),
(2, 'Orthopedics', 2, 12, 1800000.00),
(3, 'Pediatrics', 1, 8, 2200000.00),
(4, 'Emergency Medicine', 1, 15, 3500000.00),
(5, 'Neurology', 4, 20, 2800000.00),
(6, 'General Surgery', 3, 3, 3000000.00),
(7, 'Internal Medicine', 2, 25, 2000000.00),
(8, 'Oncology', 4, 18, 3200000.00);

-- 2. DOCTORS TABLE
CREATE TABLE doctors (
    doctor_id INT PRIMARY KEY,
    first_name VARCHAR(50),
    last_name VARCHAR(50),
    specialization VARCHAR(100),
    years_of_experience INT,
    department_id INT,
    phone VARCHAR(15),
    email VARCHAR(100),
    hire_date DATE,
    FOREIGN KEY (department_id) REFERENCES departments(department_id)
);

INSERT INTO doctors VALUES
(1, 'Sarah', 'Johnson', 'Cardiologist', 15, 1, '555-0101', 'sjohnson@hospital.com', '2010-03-15'),
(2, 'Michael', 'Chen', 'Cardiologist', 8, 1, '555-0102', 'mchen@hospital.com', '2017-06-20'),
(3, 'Robert', 'Williams', 'General Surgeon', 20, 6, '555-0103', 'rwilliams@hospital.com', '2005-01-10'),
(4, 'Emily', 'Davis', 'Orthopedic Surgeon', 12, 2, '555-0104', 'edavis@hospital.com', '2013-09-05'),
(5, 'David', 'Martinez', 'Cardiologist', 18, 1, '555-0105', 'dmartinez@hospital.com', '2008-04-12'),
(6, 'Jennifer', 'Garcia', 'Pediatrician', 10, 3, '555-0106', 'jgarcia@hospital.com', '2015-02-28'),
(7, 'James', 'Rodriguez', 'Pediatrician', 7, 3, '555-0107', 'jrodriguez@hospital.com', '2018-11-15'),
(8, 'Lisa', 'Anderson', 'Pediatrician', 14, 3, '555-0108', 'landerson@hospital.com', '2011-07-22'),
(9, 'Thomas', 'Wilson', 'Orthopedic Surgeon', 9, 2, '555-0109', 'twilson@hospital.com', '2016-05-18'),
(10, 'Maria', 'Taylor', 'Emergency Medicine', 11, 4, '555-0110', 'mtaylor@hospital.com', '2014-08-30'),
(11, 'Christopher', 'Brown', 'Orthopedic Surgeon', 16, 2, '555-0111', 'cbrown@hospital.com', '2009-12-01'),
(12, 'Patricia', 'Moore', 'Orthopedic Surgeon', 19, 2, '555-0112', 'pmoore@hospital.com', '2006-03-25'),
(13, 'Daniel', 'Jackson', 'Emergency Medicine', 6, 4, '555-0113', 'djackson@hospital.com', '2019-01-15'),
(14, 'Nancy', 'White', 'Neurologist', 13, 5, '555-0114', 'nwhite@hospital.com', '2012-10-08'),
(15, 'Steven', 'Harris', 'Emergency Medicine', 17, 4, '555-0115', 'sharris@hospital.com', '2008-06-12'),
(16, 'Karen', 'Martin', 'General Surgeon', 10, 6, '555-0116', 'kmartin@hospital.com', '2015-04-20'),
(17, 'Richard', 'Thompson', 'Oncologist', 14, 8, '555-0117', 'rthompson@hospital.com', '2011-09-17'),
(18, 'Susan', 'Lee', 'Oncologist', 16, 8, '555-0118', 'slee@hospital.com', '2009-02-28'),
(19, 'Joseph', 'Clark', 'Internist', 8, 7, '555-0119', 'jclark@hospital.com', '2017-07-05'),
(20, 'Linda', 'Lewis', 'Neurologist', 21, 5, '555-0120', 'llewis@hospital.com', '2004-11-30'),
(21, 'Paul', 'Walker', 'Internist', 9, 7, '555-0121', 'pwalker@hospital.com', '2016-03-14'),
(22, 'Barbara', 'Hall', 'Cardiologist', 7, 1, '555-0122', 'bhall@hospital.com', '2018-08-22'),
(23, 'Mark', 'Allen', 'Pediatrician', 11, 3, '555-0123', 'mallen@hospital.com', '2014-05-19'),
(24, 'Sandra', 'Young', 'Oncologist', 12, 8, '555-0124', 'syoung@hospital.com', '2013-12-03'),
(25, 'Donald', 'King', 'Internist', 15, 7, '555-0125', 'dking@hospital.com', '2010-10-25');

-- 3. PATIENTS TABLE
CREATE TABLE patients (
    patient_id INT PRIMARY KEY,
    first_name VARCHAR(50),
    last_name VARCHAR(50),
    date_of_birth DATE,
    gender VARCHAR(10),
    blood_type VARCHAR(5),
    phone VARCHAR(15),
    email VARCHAR(100),
    address VARCHAR(200),
    city VARCHAR(50),
    state VARCHAR(2),
    registration_date DATE
);

INSERT INTO patients VALUES
(101, 'John', 'Smith', '1975-05-12', 'Male', 'O+', '555-1001', 'jsmith@email.com', '123 Main St', 'Boston', 'MA', '2020-01-15'),
(102, 'Emma', 'Johnson', '1988-09-23', 'Female', 'A+', '555-1002', 'ejohnson@email.com', '456 Oak Ave', 'Boston', 'MA', '2019-03-22'),
(103, 'William', 'Brown', '1965-12-08', 'Male', 'B+', '555-1003', 'wbrown@email.com', '789 Pine Rd', 'Cambridge', 'MA', '2018-07-10'),
(104, 'Olivia', 'Davis', '1992-03-17', 'Female', 'AB+', '555-1004', 'odavis@email.com', '321 Elm St', 'Boston', 'MA', '2021-05-30'),
(105, 'James', 'Wilson', '1958-11-25', 'Male', 'O-', '555-1005', 'jwilson@email.com', '654 Maple Dr', 'Somerville', 'MA', '2017-09-12'),
(106, 'Sophia', 'Martinez', '2015-06-14', 'Female', 'A+', '555-1006', 'smartinez@email.com', '987 Cedar Ln', 'Boston', 'MA', '2015-06-20'),
(107, 'Benjamin', 'Anderson', '1980-08-30', 'Male', 'B-', '555-1007', 'banderson@email.com', '147 Birch St', 'Cambridge', 'MA', '2019-11-05'),
(108, 'Isabella', 'Taylor', '2010-02-18', 'Female', 'O+', '555-1008', 'itaylor@email.com', '258 Spruce Ave', 'Boston', 'MA', '2010-03-01'),
(109, 'Lucas', 'Thomas', '1970-07-21', 'Male', 'A-', '555-1009', 'lthomas@email.com', '369 Willow Rd', 'Brookline', 'MA', '2018-04-18'),
(110, 'Mia', 'Jackson', '1995-01-09', 'Female', 'AB-', '555-1010', 'mjackson@email.com', '741 Ash Dr', 'Boston', 'MA', '2020-08-25'),
(111, 'Henry', 'White', '1963-10-14', 'Male', 'O+', '555-1011', 'hwhite@email.com', '852 Cherry Ln', 'Cambridge', 'MA', '2017-12-30'),
(112, 'Charlotte', 'Harris', '2008-04-27', 'Female', 'B+', '555-1012', 'charris@email.com', '963 Poplar St', 'Somerville', 'MA', '2008-05-10'),
(113, 'Alexander', 'Martin', '1978-06-05', 'Male', 'A+', '555-1013', 'amartin@email.com', '159 Hickory Ave', 'Boston', 'MA', '2019-02-14'),
(114, 'Amelia', 'Thompson', '1985-11-19', 'Female', 'O-', '555-1014', 'athompson@email.com', '357 Walnut Rd', 'Brookline', 'MA', '2020-06-08'),
(115, 'Daniel', 'Garcia', '1952-09-03', 'Male', 'B-', '555-1015', 'dgarcia@email.com', '486 Sycamore Dr', 'Boston', 'MA', '2016-10-22'),
(116, 'Evelyn', 'Martinez', '2012-12-31', 'Female', 'AB+', '555-1016', 'emartinez2@email.com', '597 Beech Ln', 'Cambridge', 'MA', '2013-01-15'),
(117, 'Michael', 'Robinson', '1968-02-16', 'Male', 'O+', '555-1017', 'mrobinson@email.com', '608 Fir St', 'Boston', 'MA', '2018-03-29'),
(118, 'Abigail', 'Clark', '1990-07-08', 'Female', 'A-', '555-1018', 'aclark@email.com', '719 Redwood Ave', 'Somerville', 'MA', '2021-01-17'),
(119, 'Ethan', 'Rodriguez', '2005-05-22', 'Male', 'B+', '555-1019', 'erodriguez@email.com', '820 Sequoia Rd', 'Boston', 'MA', '2005-06-05'),
(120, 'Emily', 'Lewis', '1973-08-11', 'Female', 'O+', '555-1020', 'elewis@email.com', '931 Magnolia Dr', 'Brookline', 'MA', '2018-09-20'),
(121, 'Matthew', 'Walker', '1982-03-26', 'Male', 'AB+', '555-1021', 'mwalker@email.com', '142 Dogwood Ln', 'Cambridge', 'MA', '2019-07-13'),
(122, 'Harper', 'Hall', '2016-10-09', 'Female', 'A+', '555-1022', 'hhall@email.com', '253 Cottonwood St', 'Boston', 'MA', '2016-11-01'),
(123, 'David', 'Allen', '1960-01-29', 'Male', 'O-', '555-1023', 'dallen@email.com', '364 Juniper Ave', 'Somerville', 'MA', '2017-05-08'),
(124, 'Ella', 'Young', '1998-09-15', 'Female', 'B-', '555-1024', 'eyoung@email.com', '475 Cypress Rd', 'Boston', 'MA', '2021-03-25'),
(125, 'Joseph', 'King', '1955-12-20', 'Male', 'A+', '555-1025', 'jking@email.com', '586 Palm Dr', 'Brookline', 'MA', '2016-08-14'),
(126, 'Scarlett', 'Wright', '2009-06-07', 'Female', 'O+', '555-1026', 'swright@email.com', '697 Laurel Ln', 'Cambridge', 'MA', '2009-07-01'),
(127, 'Christopher', 'Lopez', '1977-04-13', 'Male', 'B+', '555-1027', 'clopez@email.com', '708 Acacia St', 'Boston', 'MA', '2018-12-19'),
(128, 'Victoria', 'Hill', '1987-11-28', 'Female', 'AB-', '555-1028', 'vhill@email.com', '819 Hawthorn Ave', 'Somerville', 'MA', '2020-04-06'),
(129, 'Joshua', 'Scott', '2013-02-10', 'Male', 'A-', '555-1029', 'jscott@email.com', '920 Linden Rd', 'Boston', 'MA', '2013-03-15'),
(130, 'Grace', 'Green', '1966-08-24', 'Female', 'O+', '555-1030', 'ggreen@email.com', '131 Chestnut Dr', 'Brookline', 'MA', '2017-11-28'),
(131, 'Andrew', 'Adams', '1993-05-19', 'Male', 'B+', '555-1031', 'aadams@email.com', '242 Mahogany Ln', 'Cambridge', 'MA', '2020-09-11'),
(132, 'Chloe', 'Baker', '2011-09-02', 'Female', 'A+', '555-1032', 'cbaker@email.com', '353 Teak St', 'Boston', 'MA', '2011-10-05'),
(133, 'Ryan', 'Gonzalez', '1971-07-17', 'Male', 'O-', '555-1033', 'rgonzalez@email.com', '464 Bamboo Ave', 'Somerville', 'MA', '2018-06-22'),
(134, 'Lily', 'Nelson', '1989-12-05', 'Female', 'AB+', '555-1034', 'lnelson@email.com', '575 Rosewood Rd', 'Boston', 'MA', '2021-02-18'),
(135, 'Nathan', 'Carter', '1959-03-30', 'Male', 'A-', '555-1035', 'ncarter@email.com', '686 Ebony Dr', 'Brookline', 'MA', '2016-12-07'),
(136, 'Zoe', 'Mitchell', '2007-01-23', 'Female', 'B-', '555-1036', 'zmitchell@email.com', '797 Ironwood Ln', 'Cambridge', 'MA', '2007-02-28'),
(137, 'Isaac', 'Perez', '1974-10-06', 'Male', 'O+', '555-1037', 'iperez@email.com', '808 Cedar St', 'Boston', 'MA', '2019-05-15'),
(138, 'Hannah', 'Roberts', '1996-06-29', 'Female', 'A+', '555-1038', 'hroberts@email.com', '919 Pine Ave', 'Somerville', 'MA', '2021-08-03'),
(139, 'Samuel', 'Turner', '2014-11-12', 'Male', 'B+', '555-1039', 'sturner@email.com', '121 Oak Rd', 'Boston', 'MA', '2014-12-10'),
(140, 'Addison', 'Phillips', '1964-04-08', 'Female', 'O-', '555-1040', 'aphillips@email.com', '232 Elm Dr', 'Brookline', 'MA', '2017-07-26');

-- 4. INSURANCE TABLE
CREATE TABLE insurance (
    insurance_id INT PRIMARY KEY,
    patient_id INT,
    provider_name VARCHAR(100),
    policy_number VARCHAR(50),
    coverage_percentage DECIMAL(5,2),
    start_date DATE,
    end_date DATE,
    FOREIGN KEY (patient_id) REFERENCES patients(patient_id)
);

INSERT INTO insurance VALUES
(1, 101, 'BlueCross BlueShield', 'BC123456', 80.00, '2020-01-01', '2025-12-31'),
(2, 102, 'Aetna', 'AE789012', 75.00, '2019-06-01', '2024-05-31'),
(3, 103, 'UnitedHealthcare', 'UH345678', 85.00, '2018-01-01', '2026-12-31'),
(4, 104, 'Cigna', 'CG901234', 70.00, '2021-03-01', '2025-02-28'),
(5, 105, 'BlueCross BlueShield', 'BC567890', 80.00, '2017-07-01', '2025-06-30'),
(6, 106, 'Aetna', 'AE234567', 75.00, '2015-06-01', '2025-05-31'),
(7, 107, 'UnitedHealthcare', 'UH890123', 85.00, '2019-09-01', '2025-08-31'),
(8, 108, 'Medicare', 'MC456789', 90.00, '2010-03-01', '2030-12-31'),
(9, 109, 'BlueCross BlueShield', 'BC012345', 80.00, '2018-02-01', '2025-01-31'),
(10, 110, 'Cigna', 'CG678901', 70.00, '2020-06-01', '2025-05-31'),
(11, 111, 'Medicare', 'MC234567', 90.00, '2017-11-01', '2030-12-31'),
(12, 112, 'Aetna', 'AE890123', 75.00, '2008-05-01', '2025-04-30'),
(13, 113, 'UnitedHealthcare', 'UH456789', 85.00, '2019-01-01', '2025-12-31'),
(14, 114, 'BlueCross BlueShield', 'BC678901', 80.00, '2020-04-01', '2025-03-31'),
(15, 115, 'Medicare', 'MC890123', 90.00, '2016-09-01', '2030-12-31'),
(16, 116, 'Aetna', 'AE012345', 75.00, '2013-01-01', '2025-12-31'),
(17, 117, 'Cigna', 'CG234567', 70.00, '2018-02-01', '2025-01-31'),
(18, 118, 'UnitedHealthcare', 'UH012345', 85.00, '2021-01-01', '2026-12-31'),
(19, 119, 'BlueCross BlueShield', 'BC890123', 80.00, '2005-06-01', '2025-05-31'),
(20, 120, 'Medicare', 'MC678901', 90.00, '2018-08-01', '2030-12-31'),
(21, 121, 'Aetna', 'AE456789', 75.00, '2019-05-01', '2025-04-30'),
(22, 122, 'UnitedHealthcare', 'UH234567', 85.00, '2016-11-01', '2025-10-31'),
(23, 123, 'Medicare', 'MC012345', 90.00, '2017-04-01', '2030-12-31'),
(24, 124, 'Cigna', 'CG890123', 70.00, '2021-02-01', '2026-01-31'),
(25, 125, 'Medicare', 'MC456789B', 90.00, '2016-07-01', '2030-12-31'),
(26, 126, 'BlueCross BlueShield', 'BC234567', 80.00, '2009-07-01', '2025-06-30'),
(27, 127, 'Aetna', 'AE678901', 75.00, '2018-11-01', '2025-10-31'),
(28, 128, 'UnitedHealthcare', 'UH890123B', 85.00, '2020-03-01', '2026-02-28'),
(29, 129, 'Cigna', 'CG456789', 70.00, '2013-03-01', '2025-02-28'),
(30, 130, 'Medicare', 'MC234567B', 90.00, '2017-10-01', '2030-12-31'),
(31, 131, 'BlueCross BlueShield', 'BC012345B', 80.00, '2020-08-01', '2025-07-31'),
(32, 132, 'Aetna', 'AE234567B', 75.00, '2011-10-01', '2025-09-30'),
(33, 133, 'UnitedHealthcare', 'UH678901', 85.00, '2018-05-01', '2025-04-30'),
(34, 134, 'Cigna', 'CG012345', 70.00, '2021-01-01', '2026-12-31'),
(35, 135, 'Medicare', 'MC890123B', 90.00, '2016-11-01', '2030-12-31'),
(36, 136, 'BlueCross BlueShield', 'BC456789', 80.00, '2007-02-01', '2025-01-31'),
(37, 137, 'Aetna', 'AE901234', 75.00, '2019-04-01', '2025-03-31'),
(38, 138, 'UnitedHealthcare', 'UH123456', 85.00, '2021-07-01', '2026-06-30'),
(39, 139, 'Cigna', 'CG567890', 70.00, '2014-12-01', '2025-11-30'),
(40, 140, 'Medicare', 'MC678901B', 90.00, '2017-06-01', '2030-12-31');

-- 5. APPOINTMENTS TABLE
CREATE TABLE appointments (
    appointment_id INT PRIMARY KEY,
    patient_id INT,
    doctor_id INT,
    appointment_date DATE,
    appointment_time TIME,
    status VARCHAR(20),
    reason_for_visit VARCHAR(200),
    FOREIGN KEY (patient_id) REFERENCES patients(patient_id),
    FOREIGN KEY (doctor_id) REFERENCES doctors(doctor_id)
);

INSERT INTO appointments VALUES
(1001, 101, 1, '2024-01-15', '09:00:00', 'Completed', 'Chest pain and shortness of breath'),
(1002, 102, 6, '2024-01-15', '10:30:00', 'Completed', 'Child wellness checkup'),
(1003, 103, 5, '2024-01-16', '14:00:00', 'Completed', 'Follow-up for hypertension'),
(1004, 104, 4, '2024-01-17', '11:00:00', 'Completed', 'Knee pain after sports injury'),
(1005, 105, 2, '2024-01-18', '15:30:00', 'Completed', 'Irregular heartbeat'),
(1006, 106, 7, '2024-01-19', '09:30:00', 'Completed', 'Fever and cough'),
(1007, 107, 9, '2024-01-20', '13:00:00', 'Cancelled', 'Back pain'),
(1008, 108, 8, '2024-01-22', '10:00:00', 'Completed', 'Annual checkup'),
(1009, 109, 1, '2024-01-23', '16:00:00', 'Completed', 'Chest discomfort'),
(1010, 110, 10, '2024-01-24', '08:00:00', 'Completed', 'Severe headache and dizziness'),
(1011, 111, 3, '2024-01-25', '11:30:00', 'Completed', 'Abdominal pain'),
(1012, 112, 6, '2024-01-26', '14:30:00', 'Completed', 'Ear infection'),
(1013, 113, 12, '2024-01-27', '09:00:00', 'Completed', 'Shoulder injury'),
(1014, 114, 13, '2024-01-28', '10:30:00', 'Completed', 'Severe allergic reaction'),
(1015, 115, 14, '2024-01-29', '15:00:00', 'Completed', 'Memory issues and confusion'),
(1016, 116, 23, '2024-01-30', '11:00:00', 'Completed', 'Vaccination'),
(1017, 117, 16, '2024-02-01', '13:30:00', 'Completed', 'Hernia repair consultation'),
(1018, 118, 17, '2024-02-02', '10:00:00', 'Completed', 'Breast cancer screening'),
(1019, 119, 7, '2024-02-03', '09:30:00', 'Completed', 'Asthma symptoms'),
(1020, 120, 5, '2024-02-04', '14:00:00', 'No-show', 'Hypertension follow-up'),
(1021, 121, 18, '2024-02-05', '11:30:00', 'Completed', 'Chemotherapy consultation'),
(1022, 122, 8, '2024-02-06', '15:30:00', 'Completed', 'Growth and development checkup'),
(1023, 123, 2, '2024-02-07', '09:00:00', 'Completed', 'Heart palpitations'),
(1024, 124, 19, '2024-02-08', '10:30:00', 'Completed', 'Chronic fatigue'),
(1025, 125, 20, '2024-02-09', '16:00:00', 'Completed', 'Stroke risk assessment'),
(1026, 126, 6, '2024-02-10', '11:00:00', 'Completed', 'Sore throat'),
(1027, 127, 11, '2024-02-11', '13:00:00', 'Completed', 'Hip replacement consultation'),
(1028, 128, 15, '2024-02-12', '08:30:00', 'Completed', 'Chest trauma from accident'),
(1029, 129, 23, '2024-02-13', '14:30:00', 'Completed', 'Sports physical'),
(1030, 130, 21, '2024-02-14', '10:00:00', 'Completed', 'Diabetes management'),
(1031, 131, 24, '2024-02-15', '15:00:00', 'Completed', 'Lung cancer follow-up'),
(1032, 132, 7, '2024-02-16', '09:30:00', 'Cancelled', 'Flu symptoms'),
(1033, 133, 22, '2024-02-17', '11:30:00', 'Completed', 'Coronary artery disease'),
(1034, 134, 13, '2024-02-18', '13:30:00', 'Completed', 'Appendicitis symptoms'),
(1035, 135, 25, '2024-02-19', '10:30:00', 'Completed', 'High cholesterol'),
(1036, 136, 8, '2024-02-20', '14:00:00', 'Completed', 'School immunization'),
(1037, 137, 4, '2024-02-21', '16:00:00', 'Completed', 'Ankle sprain'),
(1038, 138, 10, '2024-02-22', '08:00:00', 'Completed', 'Migraine'),
(1039, 139, 6, '2024-02-23', '11:00:00', 'Completed', 'Behavioral assessment'),
(1040, 140, 3, '2024-02-24', '15:30:00', 'Completed', 'Gallbladder issues'),
(1041, 101, 1, '2024-03-01', '09:00:00', 'Completed', 'Cardiac stress test'),
(1042, 103, 5, '2024-03-05', '14:00:00', 'Completed', 'Blood pressure monitoring'),
(1043, 105, 2, '2024-03-10', '15:30:00', 'Completed', 'Atrial fibrillation management'),
(1044, 107, 9, '2024-03-12', '13:00:00', 'Completed', 'Chronic back pain follow-up'),
(1045, 109, 15, '2024-03-15', '08:30:00', 'Completed', 'Difficulty breathing'),
(1046, 112, 23, '2024-03-18', '10:00:00', 'Completed', 'Routine pediatric checkup'),
(1047, 113, 11, '2024-03-20', '14:30:00', 'Completed', 'Knee injury from fall'),
(1048, 115, 14, '2024-03-22', '11:00:00', 'Completed', 'Seizure episodes'),
(1049, 117, 1, '2024-03-25', '09:00:00', 'Completed', 'Chest pain - severe'),
(1050, 120, 19, '2024-03-28', '15:00:00', 'Completed', 'Acid reflux symptoms'),
(1051, 125, 20, '2024-04-02', '10:30:00', 'Scheduled', 'Parkinson disease management'),
(1052, 128, 10, '2024-04-05', '08:00:00', 'Scheduled', 'Severe headache'),
(1053, 131, 17, '2024-04-08', '13:30:00', 'Scheduled', 'Prostate cancer screening'),
(1054, 134, 16, '2024-04-10', '11:00:00', 'Scheduled', 'Hernia repair follow-up'),
(1055, 138, 22, '2024-04-12', '09:30:00', 'Scheduled', 'Heart murmur evaluation');

-- 6. TREATMENTS TABLE
CREATE TABLE treatments (
    treatment_id INT PRIMARY KEY,
    appointment_id INT,
    diagnosis VARCHAR(200),
    treatment_given VARCHAR(300),
    prescription VARCHAR(300),
    treatment_cost DECIMAL(10,2),
    treatment_date DATE,
    FOREIGN KEY (appointment_id) REFERENCES appointments(appointment_id)
);

INSERT INTO treatments VALUES
(2001, 1001, 'Angina Pectoris', 'ECG performed, medication prescribed', 'Nitroglycerin 0.4mg, Aspirin 81mg', 850.00, '2024-01-15'),
(2002, 1002, 'Healthy child', 'Routine examination, vaccinations updated', 'None', 200.00, '2024-01-15'),
(2003, 1003, 'Hypertension Stage 2', 'Blood pressure monitoring, lifestyle counseling', 'Lisinopril 10mg, Hydrochlorothiazide 25mg', 450.00, '2024-01-16'),
(2004, 1004, 'ACL Sprain', 'Physical examination, MRI ordered', 'Ibuprofen 600mg, Physical therapy referral', 1200.00, '2024-01-17'),
(2005, 1005, 'Atrial Fibrillation', 'Holter monitor placed, EKG', 'Warfarin 5mg, Metoprolol 50mg', 1500.00, '2024-01-18'),
(2006, 1006, 'Upper Respiratory Infection', 'Throat culture, chest auscultation', 'Amoxicillin 500mg, Acetaminophen', 300.00, '2024-01-19'),
(2008, 1008, 'Healthy adult', 'Annual physical exam, blood work', 'None', 350.00, '2024-01-22'),
(2009, 1009, 'Coronary Artery Disease', 'Angiogram performed, stent placement recommended', 'Clopidogrel 75mg, Atorvastatin 40mg', 8500.00, '2024-01-23'),
(2010, 1010, 'Migraine with Aura', 'Neurological exam, CT scan', 'Sumatriptan 100mg, Propranolol 40mg', 2200.00, '2024-01-24'),
(2011, 1011, 'Appendicitis', 'Emergency appendectomy performed', 'Cefazolin IV, Morphine for pain', 12000.00, '2024-01-25'),
(2012, 1012, 'Acute Otitis Media', 'Ear examination, tympanic membrane assessment', 'Amoxicillin 400mg suspension', 250.00, '2024-01-26'),
(2013, 1013, 'Rotator Cuff Tear', 'MRI imaging, orthopedic consultation', 'Naproxen 500mg, Physical therapy', 1800.00, '2024-01-27'),
(2014, 1014, 'Anaphylaxis', 'Epinephrine administered, IV fluids', 'EpiPen prescription, Prednisone 40mg', 3500.00, '2024-01-28'),
(2015, 1015, 'Early-stage Dementia', 'Cognitive testing, MRI brain scan', 'Donepezil 5mg, Memantine 10mg', 2800.00, '2024-01-29'),
(2016, 1016, 'Preventive care', 'Tdap and Flu vaccination administered', 'None', 150.00, '2024-01-30'),
(2017, 1017, 'Inguinal Hernia', 'Physical exam, surgical consultation', 'Surgery scheduled, Acetaminophen 500mg', 600.00, '2024-02-01'),
(2018, 1018, 'Suspicious breast mass', 'Mammogram, biopsy performed', 'Awaiting pathology results', 3200.00, '2024-02-02'),
(2019, 1019, 'Asthma Exacerbation', 'Pulmonary function test, nebulizer treatment', 'Albuterol inhaler, Fluticasone 110mcg', 550.00, '2024-02-03'),
(2021, 1021, 'Stage 2 Lung Cancer', 'CT scan, chemotherapy plan discussed', 'Carboplatin/Paclitaxel regimen', 15000.00, '2024-02-05'),
(2022, 1022, 'Normal development', 'Height/weight check, developmental screening', 'Multivitamin', 180.00, '2024-02-06'),
(2023, 1023, 'Supraventricular Tachycardia', 'EKG, cardioversion performed', 'Diltiazem 120mg, Flecainide 100mg', 2500.00, '2024-02-07'),
(2024, 1024, 'Chronic Fatigue Syndrome', 'Comprehensive blood panel, vitamin levels', 'Vitamin B12 injections, Modafinil 200mg', 800.00, '2024-02-08'),
(2025, 1025, 'High stroke risk', 'Carotid ultrasound, risk assessment', 'Aspirin 81mg, Atorvastatin 80mg', 1100.00, '2024-02-09'),
(2026, 1026, 'Streptococcal Pharyngitis', 'Rapid strep test positive', 'Penicillin V 500mg', 220.00, '2024-02-10'),
(2027, 1027, 'Severe Hip Osteoarthritis', 'X-ray imaging, surgical consultation', 'Hip replacement scheduled, Tramadol 50mg', 900.00, '2024-02-11'),
(2028, 1028, 'Rib Fractures', 'Chest X-ray, pain management', 'Oxycodone 10mg, Cyclobenzaprine 10mg', 1600.00, '2024-02-12'),
(2029, 1029, 'Healthy adolescent', 'Sports physical examination', 'None', 175.00, '2024-02-13'),
(2030, 1030, 'Type 2 Diabetes', 'A1C test, glucose monitoring education', 'Metformin 1000mg, Glipizide 5mg', 650.00, '2024-02-14'),
(2031, 1031, 'Lung Cancer Remission', 'CT scan follow-up, tumor markers', 'Continue current regimen', 2400.00, '2024-02-15'),
(2033, 1033, 'Stable Angina', 'Cardiac catheterization, stent placement', 'Aspirin 81mg, Clopidogrel 75mg, Metoprolol 100mg', 18000.00, '2024-02-17'),
(2034, 1034, 'Acute Appendicitis', 'Emergency laparoscopic appendectomy', 'Ciprofloxacin 500mg, Metronidazole 500mg', 13500.00, '2024-02-18'),
(2035, 1035, 'Hyperlipidemia', 'Lipid panel, dietary counseling', 'Atorvastatin 20mg, Omega-3 1000mg', 400.00, '2024-02-19'),
(2036, 1036, 'Immunization', 'MMR and Varicella vaccines', 'None', 140.00, '2024-02-20'),
(2037, 1037, 'Grade 2 Ankle Sprain', 'X-ray negative for fracture, ankle brace fitted', 'Ibuprofen 800mg, Crutches', 650.00, '2024-02-21'),
(2038, 1038, 'Chronic Migraine', 'Neurological exam, preventive treatment plan', 'Topiramate 50mg, Sumatriptan 100mg PRN', 750.00, '2024-02-22'),
(2039, 1039, 'ADHD', 'Behavioral assessment, parent counseling', 'Methylphenidate 10mg', 500.00, '2024-02-23'),
(2040, 1040, 'Cholelithiasis', 'Ultrasound confirmed gallstones, surgery consult', 'Cholecystectomy scheduled, Ursodiol 300mg', 1200.00, '2024-02-24'),
(2041, 1041, 'Coronary Artery Disease', 'Cardiac stress test positive, angioplasty recommended', 'Increased Atorvastatin to 80mg', 3500.00, '2024-03-01'),
(2042, 1042, 'Hypertension controlled', '24-hour BP monitoring', 'Continue current medications', 550.00, '2024-03-05'),
(2043, 1043, 'Atrial Fibrillation stable', 'INR check, rhythm assessment', 'Warfarin dose adjusted', 400.00, '2024-03-10'),
(2044, 1044, 'Seasonal Allergies', 'Allergy testing performed', 'Cetirizine 10mg, Fluticasone nasal spray', 450.00, '2024-03-12'),
(2045, 1045, 'Pneumonia', 'Chest X-ray, bacterial culture', 'Azithromycin 500mg, Oxygen therapy', 2800.00, '2024-03-15'),
(2046, 1046, 'Well-child visit', 'Developmental milestones met', 'None', 190.00, '2024-03-18'),
(2047, 1047, 'Meniscus Tear', 'MRI confirmed tear, arthroscopic surgery scheduled', 'Naproxen 500mg, Pre-op instructions', 2200.00, '2024-03-20'),
(2048, 1048, 'Seizure Disorder', 'EEG abnormal, medication adjustment needed', 'Levetiracetam 1000mg twice daily', 1800.00, '2024-03-22'),
(2049, 1049, 'Myocardial Infarction', 'Emergency PCI performed, ICU admission', 'Aspirin, Clopidogrel, Atorvastatin, Metoprolol', 45000.00, '2024-03-25'),
(2050, 1050, 'Gastroesophageal Reflux Disease', 'Endoscopy performed, esophagitis noted', 'Omeprazole 40mg, lifestyle modifications', 1600.00, '2024-03-28');
